Job,Location,Salary,Experience,Job_Pos
Junior Graphics Designer,Remote,"Php20,000.00  -Php30,000.00 ",At least 1 year,Junior
Junior Product Designer,Philippines,PHP30K,1-2 years,Junior
Junior Services Developer - Javascript (100% Remote) - Philippines,Remote,"PHP 32,000 - PHP 57,000",20 years,Junior
Junior Software Engineers,Remote in Makati,,Minimum 1-2 years,Junior
Junior Enterprise Growth Consultant (Work From Home),Remote,"Php50,000.00  -Php70,000.00 ",Minimum 1-2 years,Junior
Junior Operations Associate,Remote in Manila,"PHP 28,000 - PHP 53,000",1-2 Years,Junior
Junior Accountant (Hong Kong),Angeles,P40K,1- 2 years,Junior
Master Data Management Junior Associate (Night Shift),Remote in Taguig,"PHP 20,000 - PHP 45,000",,Junior
FATCA / CRS Junior Officer,Pasig,"PHP 22,000 - PHP 47,000",Minimum 1-2 years,Junior
Junior Mobile Application Developer,Remote in Taytay,"PHP 24,000 - PHP 49,000",,Junior
Junior Software Developer,Manila,"PHP 26,000 - PHP 51,000",1-2 years,Junior
Junior Operations Analyst - Ballot Ingestion,Makati,,,Junior
Junior Project Development Architect,Makati,"PHP 30,000 - PHP 55,000",at least 1 year,Junior
Junior Front End Developer,Philippines,35K,2-4 years,Junior
Logistics Business Planning and Control Jr. Engineer,Philippines,PHP30K,At least 1 year,Junior
Quality Control Jr. Engineer,Philippines,"PHP 34,000 - PHP 59,000",At least 1 Year,Junior
Junior SEO Specialist,Manila,"PHP 36,000 - PHP 61,000",5 years,Junior
Junior Systems Engineer,Quezon City,"PHP 38,000 - PHP 63,000",1-2 years,Junior
JUNIOR /SENIOR STRUCTURAL DESIGN ENGINEER,Makati,"PHP 40,000 - PHP 65,000",2-3 years,Junior
Inspector (Subic),Subic,,Minimum 1-2 years,Junior
Junior Project Development Architect,Makati,"PHP 44,000 - PHP 69,000",at least 1 year,Junior
Junior Data Quality Analyst,Manila,"PHP 46,000 - PHP 71,000",At least 1 year,Junior
JR. ADMINISTRATIVE ASSISTANT (COLLECTIONS),Mandaluyong,"PHP 48,000 - PHP 73,000",2-3 years,Junior
Junior Technical Support,Malate,,,Junior
Logistics Business Planning and Control Jr. Engineer,Philippines,"PHP 52,000 - PHP 77,000",At least 1 year,Junior
Cash Applications Junior Associate (Nightshift),Taguig,,2 years,Junior
Intern - HR Learning Operations,Philippines,"PHP 50,000 - PHP 75,000",,Junior
Junior SEO Specialist,Philippines,,At least 1-2 years,Junior
Junior Customer Care Executive,Cebu City,"PHP 42,000 - PHP 67,000",at least 2 years,Junior
Junior Service Engineer ...,Pampanga,"PHP 27,000",,Junior
JR. ADMINISTRATIVE ASSISTANT (COLLECTIONS),Mandaluyong,,2-3 years,Junior
Junior Copywriter (E-commerce),Malate,"PHP 20,000 - PHP 45,000",1-2 years,Junior
Junior Front End Developer,Philippines,PHP40K,,Junior
Jr. UI/UX Designer,Parañaque,,1-2 years,Junior
Cash Applications Junior Associate (Nightshift),Taguig,"Php20,000.00  -Php40,000.00 ",2 years,Junior
Junior SEO Specialist,Philippines,"PHP 28,000 - PHP 53,000",At least 1-2 years,Junior
Junior Layout Engineer,Alabang,"PHP 24,000 - PHP 49,000",Minimum 1-2 years,Junior
Junior Data Scientist,Pasig,"PHP 26,000 - PHP 51,000",,Junior
Junior Video Editor | Short-Form,Remote in Makati,"PHP 30,000 - PHP 55,000",1-2 years,Junior
Junior Business Development,Makati,,,Junior
"Senior/junior programmers, 3d artists",Davao City,PHP 55K,1-2 years,Junior
Junior Security Analyst,Makati,PHP40K,,Junior
Ocean Import Jr. Associate,Taguig,"PHP 30,000- PHP 55,000",Minimum 1-2 years,Junior
IT Admin,Philippines,,At least 1 - 2 years,Junior
Junior Internal Auditor,Lipa,"PHP 24,000 - PHP 49,000",2 years,Junior
Graphic Designer,Remote in San Fernando,"PHP 26,000 - PHP 51,000",1-2 years,Junior
Junior Specialist – Sales Administration,Makati,,2 years,Junior
Customer Care Specialist,Philippines,,,Junior
Junior Fourth Engineer,Philippines,"P35,000",1-2 years,Junior
Junior Web Developer | Hybrid,Remote in Makati,,2 years,Junior
Website Management Jr. Associate,Remote in Taguig,"PHP 30,000 - PHP 55,000",,Junior
Software Test Engineer (Junior to Mid),Remote in Cebu City,,1 year,Junior
Junior Sales,Philippines,,,Junior
Virtual Executive Support,Remote in Mandaluyong,"PHP30,000 - PHP 60,000",1 -2 year,Junior
Jr. Specialist,Makati,,1-2 years,Junior
JR. PROGRAMMER,Remote in Pasig,"PHP, ",,Junior
Jr. Field Agronomist- North Luzon,Cauayan,,At least 1 year,Junior
Jr. Data Analyst,Philippines,,2 years,Junior
Junior QA Engineer,Makati,"PHP 50,000 - PHP 90,000",,Junior
Junior Data Analyst – Market Intelligence (Financial Market Data),Makati,,2 years,Junior
Jr. Data Analyst,Philippines,"P45,000",2 years,Junior
Junior QA Engineer,Makati,,,Junior
Jr Content Writer,Pasig,"PHP42,000",At least 1 year,Junior
Manual QA Software Tester,Remote in Taguig,,,Junior
Scrum Master,Remote in Philippines,"PHP 58,000 - PHP 83,000",2-4 years,Junior
Junior ABAP Developer,Pasay,,At least 2 year,Junior
Administrative Associate- Essential Medicines and Health Technologies (EMT),Manila,,2 Years,Junior
Junior Software Developer,Muntinlupa,"PHP 60,000 - PHP 100,000",2-4 years,Junior
AML/KYC Junior Officer,Pasig,,1 year,Junior
Junior Travel Analyst (US Shift),Pasig,,2 years,Junior
Operations Processor,Taguig,"PHP 55,000 - PHP 95,000",2 years,Junior
Jr. Software Engineer,Remote in Makati,"PHP, ",,Junior
Junior Corporate Secretary,Pasig,"PHP 58,000 - PHP 83,000",At least 1 year,Junior
Customer Happiness Champion,Remote in Philippines,,,Junior
Finance and Admin Analyst (Open to Fresh Graduates),Hybrid remote in Taguig,"PHP 58,000 - PHP 83,000",0-2 years,Junior
"Senior Specialist, Facilities",Manila,"PHP 50,000 - PHP 90,000",,Senior
Senior Operator QA Inspector,Cavite City,"PHP 55,000 - PHP 95,000",,Senior
"Senior Analyst, AR",Manila,"PHP 60,000 - PHP 100,000",At least 2-4 years,Senior
Vessel IT Support – Senior Specialist,Manila,"PHP 65,000 - PHP 105,000",,Senior
Senior Crew - Davao Del Norte (Mindanao),Davao City,"PHP 70,000",At least 2-4 years,Senior
Senior Cashier,General Santos,"PHP 75,000 - PHP 115,000",2-3 years,Senior
Senior Staff Technician Equipment,Cavite City,"PHP 80,000 - PHP 120,000",,Senior
"Sr Supv, Logistics",Tanauan,"PHP 85,000 - PHP 125,000",At least 2-4 years,Senior
Senior Director Operations Experience : 10+ years Philippines Posted 1 week ago,Philippines,"PHP 90,000 - PHP 130,000",16-18 years,Senior
Senior Engineer,Remote,,,Senior
Senior Crew - Negros Oriental (Visayas),Dumaguete,,2-3 years,Senior
Field Office Personnel,Olongapo,"PHP 110,000",,Senior
SENIOR TECHNICIAN EQUIPMENT,Cavite City,,1-3 years,Senior
Senior Supervisor Line Maintenance,Cavite City,"PHP 58,000 - PHP 83,000",5 years,Senior
Customer Service Advisor - WAH XP 2023,+9 locations,"PHP 50,000 - PHP 90,000",,Senior
Technician II,Philippines,"PHP 55,000 - PHP 95,000",30 years,Senior
Operator,Carmona,,at least 2 years,Senior
Data Process Support,Trece Martires,"Php95,000",,Senior
Branch Warehouse Helper - Tagum,Tagum,100K,20 years,Senior
Physical Security Senior Manager,Mandaluyong,,,Senior
Technical Support / Customer Service Associate - Fixed-Term,Cebu,,,Senior
"Customer Experience Representative, Senior",Angeles,"PHP 80,000 - PHP 120,000",5 years,Senior
Senior Staff Process Engineer,General Trias,"PHP 85,000 - PHP 125,000",,Senior
Senior UI Designer,Philippines,"PHP 90,000 - PHP 130,000",100 years,Senior
Sales Executive/Senior Executive - Pharma & Personal Care,Philippines,,at least 3-5 years,Senior
Office Clerk (Cainta Branch),Pasig,"PHP 88,000 ",,Senior
Senior IT Support,Clark Freeport Zone,P70K,3 years,Senior
Cashier-JP Rizal,Philippines,,at least 2 years,Senior
Senior Collection Specialist,Philippines,"PHP 58,000 - PHP 83,000",,Senior
Senior Crew - Zamboanga Del Sur (Mindanao),Zamboanga City,67K,3 years,Senior
Senior Collection Specialist,Philippines,,,Senior
Senior Crew - Agusan Del Norte (Mindanao),Butuan,PHP 90K,4 years,Senior
Senior Specialist,Manila,Php75K,At least 2 years,Senior
Senior Logistics Specialist,Batangas City,,35 years,Senior
Senior Recruiter,Pasig,"PHP 90,000 - PHP 120,000",,Senior
Project Engineer (Visayas) - Panay,Hybrid remote in Iloilo City,,3 years,Senior
Senior Crew - Cebu (Visayas),Cebu City,,,Senior
Senior Crew - Caloocan (Metro Manila),Caloocan,"Php95,000",3 years,Senior
Senior Product Engineer,Cavite City,,,Senior
Senior Quality Manager,Tarlac City,,3 years,Senior
Senior Crew - Negros Occidental (Visayas),Bacolod,80K,,Senior
Facilities and Admin Director,Remote in Quezon City,76K,10 years,Senior
"OPERATOR 3, PRODUCTION SUPPORT",Lapu-Lapu City,,at least 2 years,Senior
Maintenance Supervisor,Santo Tomas,"PHP 65,000",,Senior
"Senior/Vice President, CEO Office Strategy Projects-Manila",Philippines,,2-3 years,Senior
Facilities and Admin Director,Remote in Quezon City,"PHP 58,000 - PHP 83,000",10 years,Senior
"Officer, Surveillance",City of Dreams,"PHP 65,000 - PHP 105,000",,Senior
"Senior/Vice President, CEO Office Strategy Projects-Manila",Philippines,"PHP 90,000 - PHP 130,000",3 years,Senior
Quality Control Analyst,General Santos,"Php95,000",,Senior
Head of Health Safety Security & Environment,Philippines,P100000,2-3 years,Senior
Hub Supervisor-Muntinlupa,Philippines,,At least 3-5 years,Senior
DWS - Accounts Payable Specialist - Senior Analyst,Manila,P90K,60 years,Senior
Senior Project Professional,Taguig,,3 years,Senior
Senior Crew - Mandaue (Visayas),Mandaue,,,Senior
"Production/Maint, Assembly/Test",Tanauan,87K,3 years,Senior
Senior Cashier / Accounts Monitoring Clerk,Pampanga,"PHP 58,000 - PHP 83,000",2-3 years,Senior
TRANSMISSION LINE AND SUBSTATION PROJECT SENIOR SPECIALIST TO SENIOR OFFICER (GOPS),Philippines,"PHP 55,000 - PHP 95,000",,Senior
Production Staff,Pasig,"PHP 75,000 - PHP 115,000",,Senior
Senior Staff Technician Equipment Maintenance,Cavite City,"PHP 85,000 - PHP 125,000",5 Years,Senior
Senior Crew - Iloilo (Visayas),Iloilo City,,,Senior
Customer Service Senior Manager,Taguig,,2-3 years,Senior
Senior Crew- Laguna (South Luzon),Calamba City,,,Senior
Senior Crew - Bulacan (North Luzon),Baliuag,"PHP 85,000 - PHP 125,000",2-3 years,Senior
Lubes Warehouseman (Mabini),Hybrid remote in Batangas City,,40 years,Senior
Senior Crew - Roxas (Visayas),Roxas City,,,Senior
Senior Operations Manager,Angeles,,At least 10 years,Senior
Senior Systems Administrator,+1 location,"PHP 55,000 - PHP 95,000",70 years,Senior
Senior Xero Bookkeeper - Work from Home (Philippines Based),Remote in Philippines,,2 years,Senior
Customer care collections Senior Rep,Quezon City,,,Senior
Senior Staff Technician Process,Cavite City,"PHP 60,000 - PHP 85,000",At least 1-3years,Senior
Senior Project Manager,Clark Freeport Zone,,,Senior
Regional Management Trainee,Manila,"PHP 80,000 - PHP 90,000",5 years,Senior
Operator I,Philippines,,2-3 years,Senior
Senior Bookkeeper,Remote in Quezon City,"PHP 75,000 - PHP 85,000",Minimum 5 years,Senior
Senior Crew - Pampanga (North Luzon),San Fernando,"PHP 85,000 - PHP 95,000",,Senior
Project Manager,Manila,,4 - 7 years,Project+Manager
IT Project Manager,Remote,PHP60KPHP60K-PHP60K,7-10 years,Project+Manager
Project Manager,Makati,,6-7 years,Project+Manager
Project Manager,Cebu,,,Project+Manager
Project Manager,Remote in Manila,"Php 75,000Php 82,000",14 years,Project+Manager
PROJECT MANAGER,Pasig,,,Project+Manager
Assistant Project Field Manager - CCPP-Philippines,Remote in Batangas City,,10 years,Project+Manager
Care Project Manager,Philippines,"Php 70,000  -Php 100,000Php 60,000 to -Php 100,000 ",,Project+Manager
Assistant Project Manager,Philippines,,,Project+Manager
Project Manager,Remote,,5 years,Project+Manager
Project Manager,Pasay,PHP70KPHP70K-PHP70K,,Project+Manager
Consultancy Project Manager,Makati,"PHP 75,000 - PHP 125,000",5 years,Project+Manager
Project Manager PMO,Remote in Muntinlupa,"PHP 75,000 - PHP 125,000",5 years,Project+Manager
Senior Project Manager,Clark Freeport Zone,,,Project+Manager
Associate Project Manager | Permanent WFH | Up to 100K,Remote in Manila,"Php 80,000  -Php 100,000Php 80,000 to -Php 100,000 ",,Project+Manager
Consultancy Project Manager,Makati,,5 years,Project+Manager
Project Manager,Makati,,,Project+Manager
Associate Project Manager | Permanent WFH | Up to 100K,Remote in Manila,"Php 80,000  -Php 100,000Php 80,000 to -Php 100,000 ",,Project+Manager
Web Project Manager,Pasong Tamo,,2 years,Project+Manager
Project Manager,Makati,"PHP 70,000 - PHP 95,000",,Project+Manager
Project Manager PMO,Remote in Muntinlupa,,5 years,Project+Manager
Construction Manager (project-based),Philippines,"PHP 80,000 - PHP 130,000",,Project+Manager
"Project Coordinator, Philippines",Philippines,,At least 3 years,Project+Manager
Project Manager - Training & Communication,Makati,,,Project+Manager
Project Manager (Via Verde Padre Garcia Batangas),Muntinlupa,,at least 4 years,Project+Manager
Trainee- Project Manager,Makati,"PHP 105,000 - PHP 145,000",,Project+Manager
Client Success Manager - /Project Management/ - WFH - 2 Headcounts,Remote in Manila,"PHP 70,000 - PHP 120,000",At least 2 years,Project+Manager
Project Manager | Digital Advertisement,Remote in Quezon City,"PHP 75,000 - PHP 125,000",3-5 years,Project+Manager
Project Coordinator,Cebu,,2 years,Project+Manager
Project Coordinator,Philippines,"PHP 85,000 - PHP 135,000",At least 3-5 years,Project+Manager
Consulting Project Associate,Remote in Manila,,2 years,Project+Manager
Project Manager,Davao City,"PHP 95,000 - PHP 145,000",,Project+Manager
Integrated Project Manager,Manila,"PHP 100,000 - PHP 150,000",At least 5 years,Project+Manager
Project Manager (Philippines),Philippines,,5-10 years,Project+Manager
Print Project Manager,Manila,,4 - 7 years,Project+Manager
Junior Project Manager,Philippines,,At least 3 years,Project+Manager
PROJECT MANAGER,Philippines,"PHP 105,000 - PHP 145,000",,Project+Manager
Project Manager,Mandaluyong,,,Project+Manager
TRANSMISSION LINE AND SUBSTATION PROJECT SENIOR SPECIALIST TO SENIOR OFFICER (GOPS),Philippines,"PHP 95,000 - PHP 145,000",At least 3 years,Project+Manager
PROJECT MANAGER,POEA - Overseas,"PHP 65,000 - PHP 95,000",,Project+Manager
PROJECT MANAGER | INFORMATION TECHNOLOFY | SB FINANCE | MAKATI,Makati,,,Project+Manager
Project Assistant,Manila,"P90,000 - P140,000",2 years,Project+Manager
HSE Manager (project-based),Philippines,,,Project+Manager
Project Manager - United 4,Quezon City,"PHP 75,000 - PHP 125,000",70 years,Project+Manager
Project Coordinator,Cotabato City,,,Project+Manager
Project Manager,Hybrid remote in Mandaluyong,"PHP 100,000 - PHP 150,000",40 years,Project+Manager
Project Engineer (Visayas) - Panay,Hybrid remote in Iloilo City,,3 years,Project+Manager
Project Manager,Bacolod,,3 years,Project+Manager
Atlassian Consultant & Project Manager,Makati,"P130,000",,Project+Manager
Program Manager / Project Manager,Remote in Philippines,,,Project+Manager
Project Manager (Solar),Mandaluyong,"PHP 80,000 - PHP 130,000",At least 3 years,Project+Manager
Project Manager,Fort Bonifacio,,5 years,Project+Manager
Project Coordinator,Cebu City,,At least 1 year,Project+Manager
Project Management Officer | IT,Philippines,"130,000K",At least 5 years,Project+Manager
Project Manager,Makati,,at least 8 years,Project+Manager
Project Manager,Philippines,,At least 1 year,Project+Manager
Project Manager,Manila,"Php125,000",At least 1-2 years,Project+Manager
Implementation Project Manager,Mandaluyong,,,Project+Manager
Project Manager,Manila,"PHP 100,000 - PHP 130,000",At least 2 years,Project+Manager
Project Manager,Mandaluyong,,,Project+Manager
Project Manager,Philippines,"PHP 95,000 - PHP 135,000",3-5 years,Project+Manager
Project Manager,Remote in Philippines,"PHP 100,000 - PHP 140,000",,Project+Manager
Project Manager,Taguig,,3 years,Project+Manager
Project Architect Manager,Pasay,"PHP 105,000 - PHP 145,000",At least 10 years,Project+Manager
Project Manager,Philippines,"Php75,000 ",3-5 years,Project+Manager
Project Manager,Philippines,"PHP70,000 - PHP120,000",,Project+Manager
Project Manager,Quezon City,,2 years,Project+Manager
FT PROJECT MANAGER,Philippines,"PHP 105,000 - PHP 145,000",,Project+Manager
Project Manager – PEGA,Philippines,,At least 5 years,Project+Manager
Project Manager,Makati,"PHP 75,000 - PHP 125,000",at least 10 years,Project+Manager
Project Coordinator,Cebu City,"PHP 80,000 - PHP 130,000",,Project+Manager
PROJECT / OPERATIONS MANAGER,Pasig,"PHP 100,000 - PHP 140,000",7 years,Project+Manager
PROJECT MANAGER (Customer Contact Group),Makati,,,Project+Manager
Project Engineer,Tanauan,"PHP 85,000 - PHP 120,000",3-5 years,Project+Manager
Sr. Project Manager,Hybrid remote in Manila,,5 years,Project+Manager
Customer Service Representative,Cebu City,PHP120KPHP120K-PHP120K,8 years,CTO
Customer Experience Assistant: Policy Changes,Remote in Cebu City,PHP130KPHP130K-PHP130K,3 years,CTO
Commercial Lines Assistant,Remote in Cebu City,PHP45KPHP45K-PHP45K,8 years,CTO
Executive Assistant,Remote in Cebu City,PHP30KPHP30K-PHP30K,8 years,CTO
CTO – Philippines – Regional Bank,Philippines,,10 years,CTO
Client Service Officer,Remote in Cebu City,PHP250KPHP250K-PHP250K,8 years,CTO
Sales Admin Support,Remote in Cebu City,PHP154KPHP154K-PHP154K,8 years,CTO
Global Campaign Manager - Employer Brand (Remote),+1 location,,5-10 years,CTO
Senior Executive Assistant,Remote in Cebu City,PHP130KPHP130K-PHP130K,25 years,CTO
Team Lead – Estimating Plan Prep,Cebu City,PHP170KPHP170K-PHP170K,2 years,CTO
Visual Media Ad Specialist,Remote in Cebu City,PHP150KPHP150K-PHP150K,At least 2 years,CTO
Web Developer,Remote in Cebu City,PHP180KPHP180K-PHP180K,At least 3 years,CTO
Head of Information Security,Cebu City,,7 years,CTO
Chief Transformation Officer,Philippines,,At least 10 years,CTO
Technical Engineer,Makati,,At least 3 year,CTO
Community Manager - Web3 Metaverse Gaming - Fully Remote - ph,Remote,,,CTO
IT Asset Administrator,Cebu City,PHP175KPHP175K-PHP175K,At least 5 year,CTO
HR Manager,Cebu City,PHP190KPHP190K-PHP190K,8 years,CTO
Head - Information Security,Remote in Philippines,,,CTO
Property Accountant,Remote in Cebu City,PHP135KPHP135K-PHP135K,30 years,CTO
Marketing Coordinator,Remote in Cebu City,PHP160KPHP160K-PHP160K,At least 2 years,CTO
Business Analyst,Philippines,,8 years,CTO
Senior Back-End Engineer,Remote in Central Luzon,PHP 150KPHP,7 years,CTO
Air Service Junior Associate,Taguig,,,CTO
Communications/PR Manager - Blockchain - Crypto - Remote,Remote in Manila,"PHP 80,000 - PHP 130,000",7 years,CTO
AC Manila - Cybersecurity DFIR Analyst,Pasig,,,CTO
Product Manager Philippines,Remote,,At least 2 years,CTO
Enterprise Account Manager,Taguig,,,CTO
Solutions Architect,Philippines,"PHP, ",5 years,CTO
AC Manila - Cybersecurity DFIR Senior Analyst,Pasig,PHP130KPHP130K-PHP130K,,CTO
AC Manila - Cybersecurity DFIR Senior Analyst,Pasig,,,CTO
Senior iOS Developer,Philippines,PHP100KPHP100K-PHP100K,8 years,CTO
AC Manila - Organizational Development Senior Manager,Pasig,,5 years,CTO
Software Architect (Remote),Remote in Cebu,,,CTO
Senior Property Accountant,Remote in Cebu City,PHP160KPHP160K-PHP160K,8 years,CTO
IOS Developer,Philippines,,8 years,CTO
Air Operations Junior Associate,Taguig,,,CTO
Content Creator/Copywriter - Blockchain - Crypto - Remote,Remote in Manila,PHP170KPHP170K-PHP170K,,CTO
Senior Software Development Manager,Taguig,,,CTO
IOS Developer (Senior),Philippines,,8 years,CTO
Head of Application Support,Manila,"PHP 85,000 - PHP 135,000",8 years,CTO
Senior Android Developer,Philippines,,8 years,CTO
Android Developer (Mid & Senior),Philippines,,8 years,CTO
Senior Android App Developer,Philippines,"Php 95,000 - PHP 150,000",8 years,CTO
SAP Sales and Distribution Consultation,Remote in National Capital Region,,5 years,CTO
Senior Designer Marketing (Blockchain),Remote in Manila,,3-4 years,CTO
Outbound Sales Lead Generator (BPO Company-Alabang),Alabang,,At least 2-3 years,CTO
Customer Success Manager,Remote,"PHP 95,000 - PHP 145,000",Minimum 5 - 10 years,CTO
Data Analyst and Systems Support (Permanent WFH),Remote,"Php160,000.00 ",,CTO
Software Quality Assurance Engineer,Remote in Mandaluyong,"Php120,000.00  -Php155,000.00 ",,CTO
Sales Executive,Remote in Mandaluyong,"Php360,000.00 ",At least 3-6 years,CTO
L2 Service Desk Engineer - WORK FROM HOME,Remote,,3-5 years,CTO
Chief Technology Officer (CTO) - Remote,Remote in Manila,"Php200,000.00  -Php450,000.00 ",at least 10 years,CTO
"Software Developer Trainees l 15,000 to 18,000",Angeles,Php150K,,CTO
Production/Manufacturing Assistant,Santa Rosa City,,,CTO
Program Manager,Remote in Makati,"Php85,000.00  -Php100,000.00 ",At least 7-10 years,CTO
Business Analyst,Remote in Mandaluyong,"Php136,000.00",5 year,CTO
IT Manager,Remote in Makati,"Php110,000.00 ",At least 7-10 years,CTO
Software Developer,Angeles,"Php150,000.00  -Php180,000.00 ",7 years,CTO
Web CTO,Remote in Manila,"Php100,000.00  -Php200,000.00 ",,CTO
Audit Assistant,Baguio,"Php120,000.00 ",6 year,CTO
IT Operations Manager,Makati,"Php180,000.00",5 years,CTO
Senior PHP Developer,Remote in Pampanga,"PHP 100,000.00  130,000.00
",,CTO
Data Analyst and Systems Support,Remote in Manila,,,CTO
Lead DevOps | Work From Home,Remote,"PHP, ",7 years,CTO
IT Project Manager,Remote in Makati,"Php80,000.00  -Php80,000.00 ",At least 5 years,CTO
IT Operations & Support Head (IT Manager),Taguig,"Php100,000.00 ",,CTO
iOS Swift Developer,Remote,,6 year,CTO
Sr. Data Engineer,+1 location,"Php150,000.00 ",,CTO
Secretary,Alabang,"Php140,000.00 ",7 year,CTO
Chief Technology Officer | Flexible Shift - Permanent Work From Home,Remote in Makati,"Php150,000.00  -Php200,000.00 ",5 years,CTO
Senior Web Developer,Remote in Manila,"Php80,000.00  -Php100,000.00 ",,CTO
HEAD OF THE SOFTWARE DEVELOPMENT TEAM,Taguig,"Php150,000.00  -Php200,000.00 ",7 years,CTO
Chief Technology Officer,Taguig,,,CTO
Chief Technology Officer (CTO),Makati,P160K,5 years,CTO
